Word,Frequency
новый,4728
хороший,4711
женский,4280
первый,3893
детский,2807
2023,2793
чувашский,2598
окончательный,2468
интересный,2354
любимый,2309
удобный,2214
действительный,2181
готовый,2149
возможный,1997
необходимый,1835
большой,1769
приятный,1713
чёрный,1660
высокий,1641
разный,1579
простой,1577
отличный,1570
летний,1567
больший,1511
важный,1489
мужской,1439
лёгкий,1431
полный,1334
белый,1296
мягкий,1288
дополнительный,1250
спортивный,1245
добрый,1245
главный,1226
торговый,1220
второй,1193
огромный,1193
пьяный,1191
бесплатный,1181
красивый,1178
единый,1160
прекрасный,1142
натуральный,1132
тёплый,1123
последний,1103
русский,1073
домашний,1068
вкусный,1031
небольшой,1026
яркий,1008
цокольный,991
низкий,990
маленький,985
личный,972
свободный,970
прямой,968
полезный,947
стильный,939
российский,935
современный,910
святой,861
комфортный,857
молодой,855
следующий,848
общий,835
синий,831
активный,825
рад,813
известный,799
идеальный,797
внутренний,777
внешний,777
сильный,759
нежный,754
здоровый,753
дорогой,741
завершенный,722
зелёный,715
самые,714
серый,706
семейный,703
профессиональный,702
уникальный,701
красный,687
муниципальный,680
различный,675
собственный,664
великий,662
смертельный,662
крупный,659
живой,654
счастливый,649
случайный,648
сложный,643
чебоксарский,628
местный,628
широкий,600
модный,596
короткий,586
старый,584
6-летний,581
школьный,579
трикотажный,573
горячий,570
18:00,568
сухой,567
растительный,565
длинный,565
близкий,563
универсальный,562
международный,557
тяжёлый,548
плохой,542
основный,540
реальный,538
неизвестный,537
канашский,536
открытый,534
тонкий,533
средний,529
качественный,522
медицинский,520
повседневный,519
природный,518
9:00,518
свежий,515
холодный,510
физический,506
эгерский,504
индивидуальный,503
официальный,498
особый,494
глубокий,493
кредитный,491
социальный,485
хлопковый,484
светлый,481
легковой,475
советский,473
бывший,468
чистый,467
мелкий,467
специальный,466
классический,466
д.18,459
народный,459
рабочий,457
шикарный,456
длительный,454
третий,453
21:00,452
голубой,451
оптовый,450
межрайонный,448
музыкальный,445
откидной,443
транспортный,440
правильный,440
целый,436
быстрый,434
отдельный,432
способный,430
постоянный,424
военный,422
оригинальный,421
подростковый,416
строительный,413
равный,412
курьерский,408
классный,404
верхний,402
общественный,402
самым,401
взрослый,394
розовый,393
безопасный,393
ветеринарный,392
обычный,390
портативный,389
плотный,383
единственный,383
естественный,382
51668974,381
малый,381
старший,379
прошлый,378
государственный,376
доступный,373
страшный,373
крутой,371
долгий,370
нижний,364
золотой,362
похожий,355
молочный,355
выгодный,354
уютный,352
чужой,351
сладкий,349
цивильский,349
базовый,348
выездной,345
нормальный,344
опасный,335
ночной,333
национальный,333
столовый,331
городской,330
club101317913|публичная,326
70х70,324
всероссийский,322
огненный,320
невероятный,315
сельский,315
мировой,315
ежедневный,312
почтой,311
трудный,311
творческий,308
конкурсный,308
надёжный,305
высоко,304
тихвинский,304
боковой,302
милый,302
лишний,302
тёмный,302
круглый,299
федеральный,298
популярный,296
весёлый,295
серьёзный,293
мобильный,293
невозможный,291
2015,290
эластичный,290
актуальный,289
замечательный,289
центральный,288
2020,285
острый,285
очередной,284
достаточный,284
московский,284
вечерний,284
мощный,284
умный,284
необычный,283
эффективный,283
солнечный,280
морской,280
родный,278
воздушный,277
встречный,276
тихий,275
верный,275
сортовый,273
выходной,272
сливочный,270
богатый,269
защитный,269
деревянный,267
денежный,266
максимальный,266
комнатный,265
жёлтый,263
технический,262
будущий,260
спокойный,259
размерный,258
кухонный,257
уголовный,256
незабываемый,255
образовательный,255
темно,255
финансовый,255
куриный,253
удивительный,252
божий,247
жаркий,247
древний,246
электронный,244
крепкий,244
другого,242
пустой,241
духовный,240
2022,239
влажный,239
чайный,239
исторический,238
обязательный,236
декоративный,236
питательный,236
правый,235
остальные,234
жизненный,233
бежевый,233
региональный,232
контактный,231
незаменимый,228
человеческий,228
определённый,228
достойный,227
английский,227
уличный,227
природоохранный,227
отечественный,226
ответственный,226
бедный,224
праздничный,222
пищевой,221
2021,219
чудесный,216
сегодняшний,214
юный,214
американский,214
коммунальный,211
2018,211
виновный,211
дружный,209
совместный,209
учебный,209
традиционный,208
торжественный,208
соевый,208
твёрдый,207
интенсивный,207
косметический,204
успешный,204
эмоциональный,203
возрастной,203
дорожный,203
двойной,202
лицевой,202
‼‼‼опубликую,201
водительский,198
головной,198
стабильный,198
волжский,197
частный,195
западный,194
положительный,194
цветной,193
серебряный,193
жирный,192
понятный,192
подробный,191
ценный,190
научный,190
свадебный,190
3-х,190
сочный,188
ранний,187
судебный,187
волшебный,185
выборочный,185
контрольный,185
пиротехнический,185
слабый,183
насыщенный,183
мясной,183
психологический,181
негативный,181
боевой,181
странный,180
зимний,180
прохладный,179
водный,179
дальнейший,179
основной,178
республиканский,177
искусственный,177
исполнительный,177
чувствительный,176
литровый,176
стиральный,176
практичный,176
минимальный,175
художественный,175
оптимальный,175
жестокий,174
лавровый,174
районный,174
гладкий,173
молодёжный,173
противовоспалительный,173
кожный,173
великолепный,173
кулирная,173
младший,172
душевный,172
вечный,172
юридический,172
заработный,171
2019,171
лесной,169
небесный,169
знаменитый,168
опытный,168
болгарский,168
подарочный,168
неприятный,167
постельный,167
прочный,165
радостный,164
215х175,164
жёсткий,164
томатный,163
полутораспальный,162
214х145,162
двухспальный,162
сурский,162
уверены,161
цветочный,160
беременный,160
скорый,160
левый,158
задний,158
игровой,158
вайбер,158
регулярный,157
ознакомительный,157
точный,157
культурный,156
вурнарский,156
комплексный,155
увлекательный,155
шаговый,155
сахарный,154
фабричный,153
китайский,152
православный,152
компактный,152
вацап,152
уверенный,151
бытовой,150
больной,150
педагогический,149
кадастровый,149
20:30,148
жилой,148
материальный,148
позитивный,148
долгожданный,148
несчастный,148
истинный,147
ласковый,147
неповторимый,147
глобальный,147
самыми,146
металлический,146
благотворительный,145
мирный,145
информационный,145
казанский,145
фирменный,144
ядринский,144
обратный,144
коричневый,142
корейский,142
гражданский,142
авторский,142
внимательный,141
температурный,141
лимонный,141
зубной,140
силиконовый,140
самостоятельный,140
ручной,140
дружелюбный,140
ведущий,139
предыдущий,138
трудовой,138
спальный,138
остальное,137
турецкий,137
заметный,137
клиентский,137
знакомый,136
передний,136
массовый,136
иностранный,135
аккуратный,135
ровный,135
желательный,135
редкий,135
нервный,135
столичный,134
соответствующий,134
неадекватный,134
крайний,133
горький,133
2009,133
талантливый,133
2-х,133
дежурный,133
дистанционный,132
патрульный,132
честной,132
горьковский,132
университетский,130
благодарный,130
ароматный,129
другую,129
элегантный,128
высококачественный,128
цифровой,128
ульяновский,128
2008,127
разнообразный,127
утренний,127
особенный,126
сексуальный,126
ленинский,125
дикий,125
21:30,125
участвую,124
жидкий,124
самую,124
смешной,124
заслуженный,124
банный,124
равноапостольный,123
гибкий,123
молотый,123
2016,123
пластиковый,122
итого,121
ремонтный,121
обязанный,121
проблемный,120
многочисленный,120
злой,120
алатырский,120
мыльный,119
цивильск,119
частый,118
коммерческий,117
испытательный,117
2-й,116
сосудистый,116
2010,116
родительский,116
литературный,116
тайный,116
бумажный,116
зажигательный,115
чудотворный,115
сальный,115
каменный,114
вязаный,114
довольный,114
самарский,114
толстый,114
командный,113
светло,113
душевой,113
танцевальный,113
северный,113
вредный,113
другом,113
божественный,113
объёмный,113
вяленый,113
электрический,113
джинсовый,112
карьерный,112
далёкий,112
раздельный,112
деловой,112
сопроводительный,112
крымский,111
четвёртый,111
чёткий,111
конечный,111
батыревский,111
оливковый,110
пушистый,110
жареный,110
однотонный,108
фееричный,108
счёт,108
89876766664,108
закрытый,108
ванильный,107
скромный,107
политический,107
улетные,106
однокомнатный,106
2013,105
марий,105
душистый,105
пресвятой,105
интеллектуальный,104
космический,104
выпускной,104
прозрачный,104
2014,104
объединённая,104
пляжный,103
дневный,103
животноводческий,103
значительный,102
мёртвый,102
гардеробный,102
последующий,101
пожарный,101
удлинённый,101
согласный,101
беспроводный,101
шоколадный,101
1999,101
лечебный,100
неожиданный,100
легендарный,100
мудрый,100
19:00,100
брючный,99
преподобный,99
солёный,98
порядковый,98
лазерный,98
верховный,98
чистоплотный,97
эксклюзивный,97
нарядный,96
сменный,96
полноценный,96
секретный,96
киевский,96
настольный,96
экономический,96
входной,96
1-й,96
золотистый,96
непростой,96
стройный,96
22:00,95
резкий,95
кондитерский,95
романтический,95
ненужный,95
восточный,95
начальный,95
нынешний,95
удачный,95
пятый,95
взрывая,95
первичный,94
превосходный,94
аналогичный,94
маринованные,94
ясный,94
независимый,94
осенний,94
первоначальный,94
песочный,94
хозяйственный,94
надзорный,94
3-й,94
солнцезащитный,94
бенгальский,94
другому,93
комбинированный,93
административный,93
световой,93
земский,93
минеральный,92
функциональный,92
однотонная,92
кожаный,92
пожилой,92
‼срочная,92
привычный,91
образный,91
процессуальный,91
искренний,91
правовой,91
виноватый,91
густой,91
почётный,91
предварительный,90
автомобильный,90
заботливый,90
врачебный,90
французский,89
временной,89
парфюмерный,89
роскошный,89
2012,89
целебный,89
2011,89
европейский,89
спелый,89
дорогостоящий,89
корпоративный,88
христианский,88
ортопедический,88
равнодушный,87
однотонные,87
бдительный,87
своевременный,87
южный,87
развитой,87
дачный,87
следственный,86
механический,86
1700,86
значимый,86
плоский,86
садовый,86
строгий,86
панорамный,86
туристический,85
японский,85
клеточный,85
инновационный,85
старинный,85
устойчивый,85
приветливый,85
законный,85
наличный,84
грустный,84
масштабный,84
неправильный,84
топливный,84
одинаковый,84
конкретный,84
сквозной,84
проектный,83
дешёвый,83
гуманитарный,83
ключевой,82
еженедельный,82
практический,82
химический,82
ванный,82
студенческий,82
симпатичный,82
хронический,81
приёмный,81
коммунистический,81
ужасный,81
умеренный,81
шахматный,81
привлекательный,80
ягодный,80
энергичный,80
прежний,80
2007,80
половой,80
липидный,80
видный,80
зарядный,80
мгновенный,80
яблочный,80
изнаночный,80
всемирный,79
призовой,79
моральный,79
всесезонный,79
экстренный,79
репчатый,79
кривой,79
целеустремлённый,78
желаемый,78
патриотический,78
земной,78
массажный,78
адекватный,78
магнитный,78
варёный,78
колокольный,78
встроенными,78
гармоничный,77
грамотный,77
соседний,77
гиалуроновая,77
фиолетовый,77
голодный,77
съёмный,77
творожный,77
безупречный,76
демисезонный,76
драгоценный,76
родовой,76
книжный,76
уксусный,76
креативный,75
древесный,75
барьерный,75
узкий,75
нержавеющий,75
ногтевой,75
лекарственный,75
фруктовый,75
квадратный,75
стойкий,75
штрафной,75
немецкий,75
гидрогелевые,74
наличий,74
громкий,74
2024,74
рекламный,74
кошачий,74
гиалуроновой,74
персональный,74
мышечный,74
одинокий,74
математический,74
гладильный,74
незнакомый,73
дружеский,73
0587,73
наружный,73
бережный,73
желанный,73
актёрский,73
характерный,73
краснодарский,72
экологический,72
просторный,72
сертифицированный,72
остальных,72
алый,72
банковский,71
шумерлинский,71
платный,71
сердечно,71
итальянский,71
антибактериальный,71
а-2г-58,71
ближний,71
экстремальный,71
бурный,71
царский,70
текущий,70
патогенный,70
синтетический,70
смелый,70
подсолнечный,70
сердечный,70
расположен,69
11:00,69
газовый,69
религиозный,69
церковный,69
2450,69
стерильный,69
многофункциональный,69
тематический,68
белорусский,68
знаменательный,68
групповой,68
одноразовый,68
дошкольный,68
эфирный,68
президентский,67
машинный,67
дубовый,67
водяной,67
железный,67
театральный,67
трендовые,67
давний,67
янтиковский,67
намерен,67
компьютерный,66
посторонний,66
алкогольный,66
блаженный,66
магический,66
созидательный,66
цветовой,66
медленный,66
1941,66
юбилейный,66
грузовой,65
страстный,65
льготный,65
офисный,65
кулирной,65
целевой,65
непонятный,65
поздний,65
стандартный,65
кофейный,65
абсолютный,65
жизнерадостный,65
2006,65
майкой,64
изысканный,64
долгосрочный,64
правоохранительный,64
несложный,64
потребительский,64
отборный,64
родной,64
ювелирный,64
1944,64
нетрезвый,64
взаимный,64
налоговый,64
фейковый,64
1998,64
тепловой,64
уважаемый,63
удалённый,63
эффектный,63
концентрированный,63
благоприятный,63
персидский,63
никольский,63
козловский,63
грустны&quot,63
данную,62
аппаратный,62
женственный,62
кружевной,62
технологический,62
вышеперечисленный,62
деревенский,62
невидимый,62
12:00,61
неравнодушный,61
нижегородский,61
2017,61
тёмно,61
стеклянный,61
нелёгкий,61
многоразовый,61
крестный,61
картофельный,61
зерновой,61
многолетний,61
укороченные,61
экспертный,61
тюремный,61
забавный,61
британский,61
ажурный,61
биологический,61
энергетический,61
1943,61
динамичный,61
iii,60
саратовский,60
живописный,60
срочный,60
лаконичный,60
населённый,60
сырой,60
квалифицированный,60
абрикосовый,60
воспалительный,60
печальный,60
пышный,60
интерактивный,59
сказочный,59
матовый,59
материнский,59
профилактический,59
жировой,59
избыточный,59
изящный,59
горный,59
отварный,59
прочие,59
домашниеживотные,59
любовькживотным,59
дизайнерский,59
скучный,59
уместный,59
съёмочный,59
плодотворный,58
очаровательный,58
оранжевый,58
звёздный,58
весенний,58
бюджетный,58
витаминный,58
вежливый,58
органический,58
агрессивный,58
однородный,58
уверена,58
деликатный,57
вертикальный,57
соблазнительный,57
тёртый,57
птичий,57
тупой,57
оздоровительный,57
любительский,57
мимический,57
упругий,57
инженерный,57
земельный,57
грязный,57
сборный,57
тональный,56
разноцветный,56
чрезмерный,56
грубый,56
годовой,56
круглосуточный,56
производственный,56
рыжий,56
вишнёвый,56
авиационный,56
вместительный,56
сиреневый,55
тренажёрный,55
пенсионный,55
красноармейский,55
угревой,55
премиальный,55
тканевый,55
20:00,55
кулинарный,55
почвенный,55
невозвратный,55
ленинградский,54
толстовкой,54
новогодний,54
продуктовый,54
рыбный,54
1993,54
ледяной,54
суточный,54
ультрафиолетовый,54
противоположный,54
обильный,54
швейный,54
нормативный,54
межрегиональный,54
масляный,54
подсобный,53
санитарный,53
одновременный,53
паломнический,53
психиатрический,53
неважный,53
текстильный,53
акустический,53
2005,53
кукурузный,53
сезонный,53
1991,53
олегниколаевв,53
шестилетний,53
фермерский,53
лунный,52
востребованные,52
кишечный,52
очевидный,52
эпический,52
дальний,52
вирусный,52
роликовый,52
овощной,52
всекитайский,52
сертификационный,52
аккредитованной,52
коллагеновый,52
расположена,52
психический,52
урмарский,52
потенциальный,51
"42,44,46,48,50,52",51
языческий,51
вольный,51
резиновый,51
чуткий,51
повторный,51
структурный,51
профсоюзный,51
круговой,51
кокосовый,51
юго,50
новочебоксарский,50
стратегический,50
осторожный,50
неисправный,50
склонный,50
восхитительный,50
рисовый,50
обзорный,50
бирюзовый,50
краткий,50
мокрый,50
греческий,50
загородный,50
трогательный,50
цельный,50
запорожский,50
1992,50
необъяснимый,50
телефонный,50
спонтанный,50
настроенными,50
пешеходный,49
благополучный,49
ежегодный,49
сушёный,49
2000,49
отзывчивый,49
бесконечный,49
интимный,49
схожий,49
красочный,49
зарубежный,49
тревожный,49
мозговой,49
малиновый,49
шариковый,49
шумный,49
розничный,48
романтичный,48
контрастный,48
жевательный,48
словарный,48
новорождённый,48
свойственный,48
благородный,48
дурной,48
игривый,48
глазной,48
неудобный,48
промышленный,48
иной,48
вынужденный,48
зрелищный,48
1995,48
дыхательный,48
сетевой,48
ежемесячный,47
загадочный,47
воинский,47
виртуальный,47
заветный,47
таинственный,47
2003,47
гиалуроновую,47
горизонтальный,47
подводный,47
xxi,47
поджелудочный,47
прогулочный,47
кремовый,47
худощавый,46
повышенный,46
служебный,46
хазарский,46
аппетитный,46
беспроигрышный,46
почтовый,46
преображенский,46
одарённый,46
нежданный,46
слизистый,46
автоматический,46
отрицательный,46
штучный,46
генеральный,46
парковочный,46
многократный,46
логический,46
фигурный,46
собачий,46
сосновый,46
плечевой,46
щитовидный,45
полевой,45
военно,45
посудомоечный,45
миниатюрный,45
стерилизованные,45
разумный,45
укромный,45
17:00,45
ненавязчивый,45
ухоженный,45
расположены,45
обеденный,45
заочный,45
разделочный,45
телесный,45
этнический,45
любознательный,45
бездомный,45
тесный,45
слышный,45
грудной,45
подлинный,44
автономный,44
кислый,44
сплошной,44
сырный,44
тусклый,44
олимпийский,44
1990,44
слепой,44
общеобразовательный,44
воскресный,44
кадровый,44
недовольный,44
сценический,44
почасовой,44
откровенный,44
компанейский,44
комсомольский,43
глупый,43
оперативный,43
специализированный,43
новенький,43
грандиозный,43
массирующими,43
грецкий,43
незначительный,43
выдающийся,43
накладный,43
акушерский,43
добросовестный,43
1983,43
маркетинговый,43
придуманная,43
частичный,42
общеразвивающей,42
перманентный,42
преждевременный,42
пижама,42
гарантированный,42
фантастический,42
территориальный,42
мариинский,42
озорной,42
прелестный,42
справедливый,42
тренировочный,42
нейтральный,42
неизбежный,42
банкетный,42
незаконный,42
1920,42
изумрудный,42
путeвoдитeль,42
нeбанальных,42
разведенную,42
обиковский,42
рентабельный,42
курортный,41
кафедральный,41
клинический,41
туалетный,41
шерстяной,41
брянский,41
научно,41
сытный,41
изумительный,41
седьмой,41
ибресинский,41
выраженный,41
амбициозный,41
шестой,41
встроенный,41
кровавый,41
настенный,41
мусорный,41
параллельный,41
слуховой,40
исследовательский,40
дневной,40
смешанный,40
8352,40
бетонный,40
непромокаемый,40
съедобный,40
священный,40
двухдневный,40
стрессовый,40
часовой,40
вкусовой,40
смертный,40
проводной,40
болезненный,40
иных,40
консервированный,40
соседский,40
паровой,40
напольный,40
надувной,40
грунтовый,40
познавательный,39
чрезвычайный,39
сотовый,39
соединительный,39
процентный,39
автобусный,39
азиатский,39
необыкновенный,39
исключительный,39
продуктивный,39
коллаген,39
гигиенический,39
пищеварительный,39
лесозаготовительный,39
липкий,39
полиграфический,39
отснятый,39
считанные,38
горчичный,38
9-й,38
долговременный,38
видимый,38
спасательный,38
яльчикский,38
иное,38
гусиный,38
бордовый,38
условный,38
сюжетный,38
добровольный,38
серебристый,38
яичный,38
блестящий,38
румяный,38
оплаченные,38
1980,38
сольный,38
2407,38
плодородный,38
расположенном,38
соавторский,38
выбирая,38
величественный,37
обидный,37
холлофайбер,37
неполный,37
зрелый,37
прикладной,37
одноимённый,37
порецкий,37
зеркальный,37
берёзовый,37
топовый,37
голый,37
пространственный,37
5-й,37
поварской,37
внезапный,37
отдалённый,37
донецкий,37
составной,37
альтернативный,37
вакуумный,37
робкий,37
складный,37
нашатырный,37
облепиховый,37
vk.com/colour_smoke21,37
одобрительный,37
кучевой,37
римский,36
медовый,36
многогранный,36
бонусный,36
90-й,36
конный,36
1950,36
театрализованный,36
барби,36
опорный,36
заслуженного,36
вживую,36
1996,36
роковой,36
кофты,36
бесполезный,36
светодиодный,36
явный,36
увлажняющего,36
ламеллярный,36
неотъемлемый,36
организационный,36
визуальный,36
аллергический,36
колоссальный,36
"48,50,52,54,56",36
89520217112,36
вторичный,35
24_июля_2023,35
любовный,35
украинской,35
пряный,35
гигантский,35
2004,35
иные,35
простудный,35
звуковой,35
культовый,35
двигательный,35
грибной,35
противопожарный,35
подвесной,35
именной,35
чеснока,35
тихоокеанский,35
украинские,35
лодочный,35
письменный,35
разовый,35
типичный,35
вспомогательный,35
льняной,35
архивный,35
намеренный,35
непрерывный,35
ядерный,35
трагический,35
поразительный,35
противный,35
студийный,35
новгородский,35
кедровый,35
беспроводной,35
неверный,35
100мл,35
ватный,34
10-й,34
а-1б-57,34
гордый,34
больничный,34
корпусный,34
украинских,34
климатический,34
несовершеннолетний,34
осознанный,34
прочих,34
эргономичный,34
глянцевый,34
утончённый,34
преданный,34
первомайский,34
облегающего,34
фактурный,34
спущенным,34
кровеносный,34
лежачий,34
методический,34
натяжной,34
египетский,34
льна,34
усталый,33
медный,33
итоговый,33
страховой,33
пигментный,33
незаметный,33
индийский,33
восторженный,33
публичный,33
проникновенный,33
должностной,33
храним,33
вынуждены,33
дебетовый,33
развлекательный,33
2500,33
честный,33
недавний,33
сенсорный,33
аптечный,33
низкомолекулярный,33
приличный,33
жилищный,33
суровый,33
минутный,33
неблагоприятный,33
кассетный,33
дрожжевой,33
украинского,33
горючий,33
1987,33
1959,33
артериальный,32
приветствую,32
аликовский,32
бархатистый,32
умственный,32
трендовая,32
заводский,32
всякая,32
учёный,32
минувший,32
потовой,32
общительный,32
знаковый,32
девичий,32
подходящий,32
безграничный,32
всевозможный,32
вокальный,32
корневой,32
славный,32
невесомый,32
бронзовый,32
ветхий,32
1936,32
1985,32
владимирский,32
кабачковый,32
генетический,32
жуткий,32
1956,32
кольцевой,32
спасо,32
фолиевый,32
грузинский,32
сомнительный,31
гормональный,31
чудной,31
оборонный,31
пиджаком,31
апельсиновый,31
свиной,31
научим,31
нестандартный,31
недоступный,31
усиленный,31
ядовитый,31
1500,31
архитектурный,31
1961,31
примерный,31
стрелковый,31
невысокий,31
синергетический,31
нравственный,31
xviii,31
керамический,31
причастный,31
1976,31
июльский,31
проточный,31
реалистичный,31
брачный,31
безобидный,31
приталенный,31
1917,31
томский,31
водостойкий,31
москитный,31
нарезанный,31
ударный,31
2б-23,31
1937,31
первобытный,31
новоспасский,31
безлимитный,30
домалучше,30
2025,30
ходовой,30
продолжительный,30
данным,30
элитный,30
2001,30
недостаточный,30
финальный,30
фиксированный,30
⁣⁣⁣⁣новым,30
экологичный,30
пилотный,30
глухой,30
долговечный,30
моргаушский,30
‼️хит,30
конструкторский,30
октябрьский,30
тройной,30
марийский,30
восточно,30
принудительный,30
1988,30
документальный,30
1973,30
сталинский,30
мятный,30
кипячёный,30
силовой,30
щедрый,30
хрупкий,30
размеренный,30
нагрудный,30
костюмный,30
марпосадского,30
топлёный,30
договорный,30
щелочной,30
ложный,29
набережный,29
коллективный,29
избранный,29
единовременный,29
репсовый,29
желудочный,29
юношеский,29
неплохой,29
махровый,29
сверхпрочный,29
волонтёрский,29
сбалансированный,29
иного,29
криминальный,29
одесский,29
варикозный,29
нежелательный,29
дворовый,29
некоммерческий,29
поверхностный,29
овсяный,29
муской,29
непосредственный,29
нереальный,29
копчёный,29
2023&#33,29
многослойный,29
неустанный,29
1964,29
вельветовый,29
нарезанные,29
раковый,29
полиэтиленовый,29
1989,29
дореволюционный,29
семилетний,29
подмосковный,29
гусеничный,29
ленский,29
обменный,28
бледный,28
песчаный,28
ретроградный,28
концертный,28
оптический,28
снежный,28
100р,28
грешный,28
перспективный,28
очищенная,28
складской,28
порядочный,28
2г-73,28
принятый,28
теоретический,28
земляной,28
однотонную,28
развернутый,28
грозный,28
шоссейный,28
любопытный,28
рекордный,28
футбольный,28
конкурентный,28
анатомический,28
тщательный,28
двухкомнатный,28
плюшевый,28
седой,28
безумный,28
положенный,28
партнёрский,28
непредсказуемый,28
успенский,28
террористический,28
сверхъестественный,28
августовский,28
обыкновенный,28
1926,28
капроновый,28
критический,27
трендовый,27
речевой,27
печатный,27
предметный,27
желудочно,27
vii,27
ограниченный,27
африканский,27
аналитический,27
будний,27
проклеенные,27
вероятный,27
подвижный,27
рубцовый,27
бурый,27
вселенский,27
кирпичный,27
атмосферный,27
эмалированный,27
белоснежный,27
ремонтантный,27
волосяной,27
глубинный,27
светский,27
гостевой,27
фамильный,27
доблестный,27
чаевой,27
погодный,27
акварельный,27
своеобразный,27
мрачный,27
раздвижной,27
1977,27
1982,27
воздухопроницаемый,27
невский,27
тяжкий,27
газонный,27
выразительный,27
19:30,27
бессмертный,27
сланцевый,27
нечастый,27
холмы,27
1994,27
въездной,27
смородиновый,27
патологический,27
1969,27
поэтический,27
полимерный,27
печерский,27
кумулятивный,27
межпозвоночный,27
подведём,26
10:30,26
регулировочный,26
стерилизованная,26
цитрусовый,26
рациональный,26
скрытый,26
манный,26
двусторонний,26
пирожный,26
драматический,26
ккакому,26
листовой,26
1970,26
праведный,26
сибирский,26
соревновательный,26
икорный,26
атопичной,26
эпидермальный,26
дождливый,26
сидячий,26
безработный,26
пластмассовый,26
прибрежный,26
пикантный,26
трудолюбивый,26
2200,26
гостиный,26
дерзкий,26
эластиновым,26
гипоаллергенная,26
прикольный,26
революционный,26
исковый,26
расположенный,26
крытый,26
воспитательный,26
черно,26
посадочный,26
200р,26
ответный,26
примечательный,26
впечатляющий,26
фактический,26
первоочередной,26
поисковый,26
ореховый,26
краеведческий,26
фашистский,26
токсичный,26
пронзительный,26
платочный,26
кокелевский,26
картонажный,26
выполнившему,26
кроткий,26
швейцарский,26
лонгсливом,26
дивеевский,26
втачной,26
полуавтоматический,26
ритуальный,26
милицейский,26
богородицкий,26
патриоты-,26
профильный,25
голосовой,25
хвойный,25
обширный,25
краткосрочный,25
византийский,25
гипоаллергенный,25
ленивый,25
расчётный,25
животный,25
курсовой,25
роговой,25
межкомнатный,25
послушный,25
людской,25
беспроцентный,25
шифоновый,25
2202,25
юмористический,25
атласный,25
труднодоступный,25
09:00,25
шелковичный,25
передовой,25
молоденький,25
лютый,25
штатный,25
1967,25
аккумуляторный,25
1962,25
бердянский,25
полосатый,25
напряжённый,25
спущенной,25
стёганый,25
иногородний,25
кaждый,25
1968,25
слоёный,25
железнодорожный,25
шёлковый,25
массивный,25
поведенческий,25
примитивный,25
лицемерный,25
одержимый,25
дoлжны,25
1986,25
троицкий,25
ранимый,25
конструктивный,24
приволжский,24
фестивальный,24
передвижной,24
плановый,24
ударопрочный,24
капитальный,24
мочегонный,24
коренной,24
рукотворный,24
однодневный,24
вчерашний,24
необычайный,24
тонизирующее,24
безразличный,24
щадящая,24
4-й,24
преступный,24
символический,24
гипоаллергенные,24
моментальный,24
старенький,24
распространенных,24
выдвижной,24
финский,24
1981,24
бандитский,24
господень,24
тропический,24
памятный,24
энергоэффективный,24
облачный,24
объективный,24
уважительный,24
1моб,24
управленческий,24
телескопический,24
неровный,24
престижный,24
97-й,24
медикасинского,24
тюрарскую,24
абсурдный,24
польский,24
‼дополнительные,24
киево,24
вестминстерский,24
кожа-,24
малосольный,24
блесны,24
афинский,24
болевой,23
пионерский,23
клубничный,23
комфортабельный,23
обалденный,23
ярославский,23
геометрический,23
потогонный,23
выставочный,23
хитрый,23
кавказский,23
инфекционный,23
аскорбиновый,23
доставкой,23
маникюрный,23
высокотехнологичный,23
хирургический,23
союзный,23
властный,23
18:30,23
врождённый,23
xix,23
урожайный,23
лиловый,23
потрясающий,23
многодетный,23
пальчиковый,23
1945,23
личностный,23
угловой,23
кубанский,23
безымянный,23
ином,23
рандомный,23
жёлчный,23
нелепый,23
салатовый,23
1972,23
1980-й,23
крестьянский,23
влюбленная,23
уязвимый,23
тюменский,23
магнитолевитационного,23
хрустальный,23
вышитый,23
луковый,23
лесопожарный,23
1625,23
умалишённый,23
восьмидесятый,23
пористый,23
эротический,23
ткань-,23
побочный,23
наркологический,23
никотиновый,23
дeнь,23
выгодно,23
копи,23
ельниковский,23
заразительный,23
70-й,22
пензенский,22
ботанический,22
гениальный,22
пыльный,22
измельченный,22
отчёт,22
нравится&quot,22
санитарно,22
требовательный,22
заинтересованный,22
раненый,22
любящий,22
непокорный,22
приемлемый,22
сдержанный,22
допустимый,22
поваренный,22
объяснимый,22
воспитанный,22
акционных,22
пробный,22
пошаговый,22
могучий,22
виноградный,22
цинковый,22
завтрашний,22
1869,22
промзинское,22
имущественный,22
излишний,22
1979,22
эскизный,22
бeз,22
капризный,22
маринованных,22
линейный,22
метельчатый,22
18–24,22
псковский,22
вражеский,22
чесночный,22
монохромный,22
овечий,22
межтерриториальный,22
1997,22
распечатанные,22
анонимный,22
кипящую,22
наивный,22
существенный,22
самодельный,22
травяной,22
отапливаемый,22
наполненным,22
хладнокровный,22
пьющий,22
сюрреалистический,22
искажённый,22
непримечательный,22
одетый,22
неадаптированный,22
белокурый,22
чокнутый,22
отрадный,22
98284,22
грациозный,22
15:00,22
эксцентричный,22
1984,22
1958,22
непредвиденный,22
стабилизированным,22
стабилизированном,22
модульный,22
резервный,22
80-й,22
двускатной,22
китовый,22
шоковый,22
кёльнский,22
недоверчивый,22
ладненький,22
красивенький,22
привитая,22
гидродинамический,22
выдуманного,21
новичковая,21
ирландский,21
а-2а-78,21
славянский,21
осмысленный,21
высокоточный,21
месячный,21
расходный,21
могущественный,21
эпидемиологический,21
охранный,21
заключительный,21
стартовый,21
1800,21
касторовый,21
алюминиевый,21
сентиментальный,21
белковый,21
тактильный,21
хлебный,21
разогретой,21
иммунный,21
а-2в-16,21
общероссийский,21
кировский,21
плавный,21
восковой,21
восхищённый,21
2-ух,21
маскировочный,21
остальным,21
товарный,21
десятый,21
1978,21
призванный,21
хрустящими,21
безусловный,21
чудный,21
лукавый,21
райский,21
вялый,21
кристальный,21
вceгo,21
округлый,21
горнолыжный,21
мембранный,21
тактичный,21
обворожительный,21
соткан,21
изобильный,21
воодушевляющая,21
умиротворённый,21
бушующим,21
34-летний,21
пулитцеровский,21
викторианский,21
самодостаточный,21
обиковском,21
паутиной,21
обрушившимся,21
осчивый,21
душевнобольной,21
бунтарский,21
настроена,21
ненормальный,21
нежеланный,21
костный,21
серо,21
неизменный,21
долларовый,21
дисциплинированный,21
запечённая,21
мускатный,20
б-2в-20,20
блузкой,20
складной,20
мотивационный,20
ультразвуковой,20
атомный,20
волевой,20
действенный,20
микроволновый,20
дренажный,20
твоему,20
временный,20
парный,20
благой,20
шведский,20
стальной,20
миндальный,20
королевский,20
шейный,20
суставный,20
2002,20
женатый,20
крупноплодный,20
неприхотливый,20
прибыльный,20
доброжелательный,20
матирующая,20
осенне,20
артиллерийский,20
лапша,20
экспериментальный,20
нефритовый,20
проверенные,20
антисептический,20
изначальный,20
отборочный,20
чистенький,20
модельный,20
сварочный,20
балконный,20
затяжной,20
квашеный,20
былой,20
второстепенный,20
экзотический,20
прикрепленные,20
издательско,20
мочевой,20
винный,20
нотариальный,20
энзимный,20
звениговский,20
исходный,20
босиком,20
малокарачкинской,20
кромочный,20
портретный,20
1954,20
правдивый,20
навязчивый,20
марсианский,20
вонючий,20
1390р-40%=834руб,20
бесшовный,20
вафельный,20
лестничный,20
петропавловский,20
ришельевский,20
13:00,19
предстоящий,19
сарафаном,19
инвестиционный,19
бархатный,19
клейкий,19
совместимый,19
хлопчатобумажный,19
акционного,19
недельный,19
грантовый,19
безнадёжный,19
палевый,19
кислотный,19
осиновый,19
рельефный,19
радужный,19
сине,19
испанский,19
эстетический,19
увлажняющими,19
окислительный,19
янтарный,19
бесценный,19
посадский,19
курский,19
антиоксидантной,19
поэтапный,19
супружеский,19
программный,19
немалый,19
зеленский,19
сложённый,19
очистный,19
1963,19
звонкий,19
невыносимый,19
системный,19
переносный,19
питьевой,19
сметанный,19
ушной,19
недорогой,19
рыночный,19
кукольный,19
детско,19
камерный,19
армейский,19
чистим,19
апелляционный,19
подсоленной,19
георгиевский,19
былo,19
разбросанных,19
ненадлежащий,19
морковный,19
ветреный,19
пролетарский,19
причудливый,19
1919,19
наложенным,19
облегченная,19
благоустроенный,19
лидерский,19
ювенальная,19
антисемейным,19
️нужно,19
антисемейного,19
расинский,19
античный,18
косметологический,18
натальный,18
1000,18
стёганная,18
рядовой,18
татарский,18
победный,18
встроенная,18
дегустационный,18
чувственный,18
признательный,18
пригласительный,18
археологический,18
императорский,18
11883,18
крошечный,18
производный,18
белгородский,18
неудивительный,18
областной,18
сушёно,18
высокоценный,18
невинный,18
твоими,18
венозный,18
вискозный,18
безналичный,18
невиновный,18
моющий,18
укороченная,18
биотехнологический,18
проверенный,18
бесперебойный,18
1957,18
каркасный,18
скользкий,18
двухсторонний,18
академический,18
запасный,18
кармический,18
эстрадный,18
ментальный,18
подверженный,18
колхозный,18
парадный,18
пудровый,18
очищенную,18
шелковистый,18
разборный,18
диетический,18
мучнистый,18
инструментальный,18
мистический,18
коралловый,18
эндокринный,18
приветственный,18
безалкогольный,18
полужесткая,18
липовый,18
поворотный,18
пapу,18
свято,18
фарфоровый,18
мучительный,18
превыше,18
растопленное,18
благотворный,18
6-й,18
оцененную,18
цветущий,18
непревзойдённый,18
1975,18
антиоксидантное,18
48/50/52/54/56/58,18
продуманная,18
товарищеский,18
географический,18
порошковый,18
маринованная,18
маршальский,18
2307,18
сводный,17
хвостатый,17
шорты-,17
языковой,17
воронежский,17
тракторный,17
злокачественный,17
выигрышный,17
вступительный,17
героический,17
молитвенный,17
прямоугольный,17
полуприталенный,17
б-2в-44,17
динамический,17
кастрированный,17
диагностический,17
еврейский,17
восстановительный,17
мастерский,17
безжалостный,17
арабский,17
экскурсионный,17
накопительный,17
трёхмерный,17
межклеточный,17
беззаботный,17
многоквартирный,17
гнилой,17
картонный,17
бешеный,17
двухэтажный,17
социалистический,17
канцелярский,17
текстовый,17
термоядерный,17
челябинский,17
пастельный,17
недобросовестный,17
несомненный,17
библейский,17
мусульманский,17
акриловый,17
княжеский,17
рассыпчатый,17
подопечный,17
свежескошенный,17
тверской,17
ивановский,17
непостижимый,17
дaть,17
этажный,17
дивный,17
советую,17
благоверный,17
авторитетный,17
сыпучий,17
речной,17
ракетный,17
философский,17
бодрый,17
фисташковый,17
1400,17
ломоносовский,17
рыбацкий,17
неустойчивый,17
мнoгих,17
вac,17
сокровенный,17
подконтрольный,17
компенсационный,17
1918,17
шетлендский,17
яванский,17
соломкой,17
импровизированный,17
режиссёрский,17
престарелый,17
сладостный,17
сдавайся,17
фиктивный,17
ветрозащитный,17
бабушкин,17
кривизны,17
кровяной,17
воробьёвых,17
числительный,17
комиссионный,16
герметичный,16
кратковременный,16
пермский,16
бамбуковый,16
брендированный,16
тушим,16
твое,16
подкинутых,16
1б-18,16
нездоровый,16
невольный,16
отложной,16
1300,16
пусковой,16
лабораторный,16
состоятельный,16
многомиллионный,16
липецкий,16
дипломатический,16
сверхзвуковой,16
крохотный,16
реактивный,16
скоростной,16
персиковый,16
борный,16
неизведанный,16
майский,16
вооружённый,16
обвинительный,16
беспилотный,16
пиратский,16
мариинско,16
боровицкий,16
2-комнатную,16
избирательный,16
2-нитка,16
42.44.46.48.50,16
решительный,16
жемчужный,16
отрезной,16
рунический,16
родственный,16
греховный,16
историко,16
молчаливый,16
ипотечный,16
неудачный,16
печёночный,16
8-й,16
лагерный,16
козий,16
туманный,16
полиуретановый,16
учётный,16
глубoкий,16
гастрономический,16
б-2г-11,16
пшеничный,16
расслабленный,16
колючий,16
летучий,16
убогий,16
грибковый,16
первой,16
плавучий,16
смесовый,16
несмешной,16
взятую,16
плocкий,16
нaпoминaeт,16
1шт,16
певческий,16
звонарного,16
2020-м,16
2д-79,16
минималистичный,16
пихтовый,16
нагревательный,16
мимолётный,16
полуфабри-,16
стерилизованными,16
1850,16
черноморский,16
множественный,16
60/62/64/66/68/70,16
табачный,16
тушёный,16
1878,16
жалобный,16
однотонное,16
приборный,16
арахисовый,16
непереносимый,16
школацивильск,16
абашевский,16
заинтересованы,15
распределительный,15
календарный,15
банальный,15
тульский,15
бело,15
29-летний,15
12-летней,15
ароматический,15
отделочный,15
синий+белый,15
северо,15
физиологический,15
кислородный,15
пероксидный,15
нарушенным,15
адаптивный,15
терпкий,15
vk.cc/cpr9b8,15
зрительный,15
просеянную,15
подкожный,15
благовещенский,15
сервисный,15
2250,15
неведомый,15
пептидный,15
гидрофильный,15
пижамный,15
клетчатый,15
путинский,15
нeoбхoдимo,15
ростовский,15
сладковатый,15
серенький,15
легкопроницаемую,15
контролируемый,15
курчавый,15
коллегановых,15
трансэпидермальную,15
кемеровский,15
керченский,15
вынуждена,15
равномерный,15
словесный,15
вологодский,15
1974,15
потайной,15
аэрокосмический,15
расположенное,15
стерилизованным,15
указательный,15
закаточный,15
двухлетний,15
несанкционированный,15
платёжный,15
остальными,15
сумасшедший,15
мальчиковый,15
наглый,15
одноэтажный,15
совершенный,15
добродушный,15
пушкинский,15
расположенной,15
прорезиненный,15
пожизненный,15
иная,15
бактерицидный,15
шотландская,15
вaжный,15
пocтoянных,15
извecтных,15
лeжaт,15
дворцовый,15
2019-м,15
расширенные,15
приусадебный,15
вешкаймский,15
новомалыклинский,15
абстрактный,15
вертолётный,15
трусливый,15
растеряна,15
харьковский,15
порочный,15
1946,15
монастырский,15
десертный,15
навесный,15
наблюдай,15
прорезной,15
10.800р,15
19:40,15
стихийный,15
легковое,15
конский,15
плодово,15
николаевский,15
уральский,14
вентиляционный,14
прокурорский,14
сдельный,14
ненадёжный,14
купальный,14
сногсшибательный,14
антивозрастной,14
незамеченный,14
свердловский,14
визитный,14
стремительный,14
желчегонный,14
предельный,14
колониальный,14
модифицированный,14
трезвый,14
влиятельный,14
скандинавский,14
недопустимый,14
внештатный,14
каково,14
устный,14
39а,14
бактериальный,14
напрасный,14
дедский,14
алмазный,14
обученный,14
разогретую,14
худой,14
ананасовый,14
украинское,14
2в-63,14
клубный,14
гелевую,14
гидролипидного,14
ненасытный,14
шемуршинский,14
необъятный,14
решаемо,14
партизанский,14
красноярский,14
включенные,14
безудержный,14
23:00,14
1942,14
смотровой,14
нейронный,14
девятый,14
недюжинный,14
углекислый,14
константинопольский,14
германский,14
собранный,14
промежуточный,14
жгучий,14
супер,14
1955,14
оконный,14
наркотический,14
желейный,14
паутинный,14
малолетний,14
бaклaжaны,14
бoлгapcкий,14
буйный,14
кассационный,14
неформальный,14
луганский,14
бестрансформаторный,14
2-а27,14
бесспорный,14
высокооплачиваемый,14
притягательный,14
платёжеспособный,14
пластичный,14
пчелиный,14
кoтopыe,14
иppaциoнaльным,14
финaльную,14
дecятилeтних,14
эффeктивную,14
кopпopaтивную,14
нeвиннocть,14
вepных,14
нpaвитьcя,14
цeль,14
пoдpывных,14
нaилучшими,14
хapaктepных,14
нeoцeнимым,14
игpaть,14
взoбpaтьcя,14
бизнec,14
нacтpoeнную,14
тяжeлый,14
нeoбычных,14
ничтo,14
ключeвым,14
хopoшую,14
убeдитeльных,14
кoмплeкcный,14
пoтpeбитeльcкую,14
нecкoлькими,14
фaнтacтичecкими,14
лeгким,14
нaчaльных,14
дeтaльный,14
80-e,14
пapни,14
cкaндaльный,14
cлoжных,14
филocoфcких,14
рaйc,14
мучной,14
просчёт,14
баристой,14
хлебобулочный,14
магазинный,14
глиняный,14
мамин,14
латинский,14
смородиной,14
новосибирский,14
мелодраматический,14
статный,14
бразильский,14
продовольственный,14
говяжий,14
завершенные,14
соматический,14
тибетский,14
необязательный,14
котельный,14
бессмысленный,14
облезлый,14
огневой,14
капустный,14
плодовый,14
образцовый,14
архангельский,14
отвернутым,14
дырявый,14
обворажительных,14
прованский,14
подаримодному,14
победимы,14
термальный,13
трендовых,13
самобытный,13
вязанная,13
харизматичный,13
цирковой,13
умелый,13
алтайский,13
упорный,13
подготовительный,13
а-1б-20,13
дипломированный,13
конституционный,13
измельченного,13
полутвёрдыми,13
‼️аккаунт,13
монтажный,13
кассовый,13
дождевой,13
перинатальный,13
добровольческий,13
тотальный,13
древнерусский,13
рыхлый,13
апостольский,13
покупной,13
влюблен,13
вагинальный,13
регуляторный,13
репаративный,13
натриевый,13
диэтиловый,13
сульфокарбоновой,13
динатриевая,13
эпидермальных,13
отчаянный,13
тактический,13
легальный,13
сужденный,13
безболезненный,13
12-летнюю,13
сельскохозяйственный,13
грядущий,13
берём,13
достоверный,13
инициативный,13
гелевая,13
пepeмeшaть,13
полученное,13
98172,13
влагоудерживающими,13
кремово,13
эластиновый,13
дермального,13
высоувлажняющими,13
регенеративный,13
98300,13
балансирующую,13
увлажняющим,13
биотический,13
пребиотических,13
пробиотической,13
пребиотический,13
1010,13
физиологичный,13
прицельный,13
поверхностно,13
некомедогенны,13
перерабатываемого,13
снимаемая,13
гидрогенизированный,13
шармантный,13
3-их,13
бобовый,13
гречневый,13
худенький,13
1960,13
сонный,13
благословенный,13
благодатный,13
активированный,13
2шт,13
восьмой,13
нелюбимый,13
панический,13
лакреевский,13
сторонний,13
а-2а-01,13
христианкой,13
софийский,13
занимательный,13
субъективный,13
мультивселенную,13
англ,13
микробный,13
недействительный,13
купеческий,13
цельнокроеный,13
кaждую,13
колоритный,13
спутниковый,13
пониженный,13
близлежащий,13
стационарный,13
крабовый,13
квалификационный,13
2300,13
1971,13
игольный,13
тепличный,13
понимаемыми,13
арендный,13
немой,13
завершённый,13
малоизвестный,13
ничтожный,13
парижский,13
бесчисленный,13
носовой,13
безвредный,13
ненавистный,13
иную,13
запретный,13
периодический,13
агитационный,13
верблюжьей,13
грозовой,13
загробный,13
вязкий,13
латексный,13
варварский,13
мысленный,13
1966,13
азотный,13
трапезный,13
беззащитный,13
противотанковый,13
житейский,13
моторный,13
графический,13
светоотражающий,13
2:15,13
истошный,13
напуганный,13
легушачьим,13
огородный,13
тамо,13
темно-,13
взвешенные,13
кладовая,13
увеселительный,13
армянский,13
50-й,13
324-й,13
стриминговый,13
нобелевский,13
новоеподслушанокозловские,13
89061317100,13
89677966655,13
89674747470,13
89520258214,13
провинциальный,12
каковы,12
кашемировый,12
️отличное,12
русско,12
анимационный,12
самозанятого,12
решающий,12
введенском,12
2г-15,12
малоподвижный,12
соборный,12
вожатых,12
слабительный,12
настой,12
пораженные,12
2048,12
конкурентоспособный,12
аварийный,12
неблагополучный,12
ловкий,12
2026,12
недоношенный,12
заразный,12
однозначный,12
1965,12
насчёт,12
комедийный,12
продольный,12
нашедшего,12
49-летнего,12
телевизионный,12
хоккейный,12
логичный,12
физкультурно,12
неравный,12
некачественный,12
мануальный,12
нежилой,12
мебельный,12
ценовый,12
вceм,12
проезжий,12
бриллиантовый,12
бахчевый,12
слоновый,12
пудровая,12
диванный,12
бомбический,12
беспомощный,12
голландский,12
благочестивый,12
зависимый,12
луговой,12
термостойкий,12
поёт,12
мошеннический,12
когнитивный,12
младенческий,12
застойный,12
спиртовой,12
поддельный,12
справочный,12
полиненасыщенный,12
враньё,12
храбрый,12
радикальный,12
элементарный,12
молитвой,12
жалкий,12
поясной,12
антиоксидантный,12
инвалидный,12
племенной,12
судебно,12
недвижимый,12
спартаковский,12
пасмурный,12
последовательный,12
2030,12
погружной,12
вселенную,12
черниговский,12
красногвардейский,12
содержимого,12
регулируемый,12
жатый,12
гелевых,12
имперский,12
серийный,12
баха,12
отбойный,12
расширенная,12
удельный,12
камский,12
переменный,12
нетленный,12
присный,12
покойный,12
черновой,12
несчастливый,12
ромашковый,12
6005,12
0376,12
4328,12
3465,12
недостоверный,12
коленный,12
лого,12
высокопоставленный,12
убеждённый,12
5-ка,12
бесподобный,12
буржуазный,12
полученную,12
нью,12
йоркский,12
зажиточный,12
беспощадный,12
песенный,12
теннисный,12
двоюродный,12
связный,12
наземный,12
очищенный,12
эвкалиптовый,12
сдавленнного,12
4000,12
79164331947,12
суперновая,12
супергладкими,12
увлажнёнными,12
губительный,12
исправный,12
дурацкий,12
коварный,12
каспийский,12
тратье,12
сладенький,12
вязовый,12
170руб,12
камуфляжный,12
коттеджный,12
гетеро,12
составим,12
трудоспособный,11
благодарственный,11
ковровый,11
уходовая,11
крещёный,11
945,11
новопреставленный,11
единичный,11
антивозрастная,11
нескучный,11
прочей,11
пограничный,11
брендовый,11
обособленный,11
офицерский,11
2350,11
тестовый,11
походный,11
милостивый,11
клеевой,11
мраморный,11
приходский,11
кровный,11
папин,11
кератиновое,11
калининский,11
враждебный,11
интерьерных,11
музейный,11
валютный,11
пришкольный,11
обиженный,11
бессрочный,11
лиственный,11
золой,11
подземный,11
неинтересный,11
батарейный,11
крылатый,11
xvi,11
контурный,11
терапевтический,11
законодательный,11
пepвый,11
ных,11
гаражный,11
иветочными,11
мультифункциональный,11
австрийский,11
одиночный,11
постепенный,11
здравый,11
силикон,11
лётный,11
многонациональный,11
налобный,11
1939,11
лего,11
тoже,11
очищенные,11
недостойный,11
целесообразный,11
разрушительный,11
"46,48,50,52,54,56",11
протеиновый,11
обаятельный,11
мерзкий,11
вышлю,11
бензиновый,11
прочим,11
компетентный,11
спорный,11
воздушно,11
5–13,11
17–24,11
1–24,11
1–8,11
ноябрьский,11
9–23,11
4–16,11
102а,11
пригородный,11
привокзальный,11
иркутский,11
1990-й,11
ржевский,11
1100,11
пассивный,11
ные,11
доверительный,11
высокоэффективный,11
бельевой,11
несёт,11
неслучайный,11
измельченным,11
рандомным,11
969,11
кадетский,11
средневековый,11
целлофановый,11
42/44/46/48/50/52/54,11
произвольный,11
столетний,11
постный,11
блинный,11
подозрительный,11
почечный,11
обжаренные,11
парковый,11
морозильный,11
бесстрашный,11
дерматологический,11
сплочённый,11
горничный,11
1000р,11
репродуктивный,11
суррогатный,11
фатальный,11
заученный,11
незаурядный,11
либеральный,11
творцах-,11
заслуженном,11
12.08.2023,11
обговоренном,11
нечестивый,11
кубинский,11
зенитный,11
формальный,11
хӑвӑрт,11
тулаҫҫӗ.,11
антикоррозийный,11
пергаментный,11
междоусобный,11
б-2б-15,11
расположенных,11
подлый,11
командировочный,11
фронтовой,11
всесезоное,11
охотничий,11
анимированные,11
флисовая,11
оперный,11
береговой,11
продажный,11
усатый,11
трёхлитровый,11
2998,11
коктейльный,11
гнойный,11
новостной,11
подготовленную,11
черничный,11
дубильный,11
б-2а-53,11
меховой,11
вертебро,11
базилярной,11
совмещенные,11
травмированный,11
раскладной,11
коневской,11
облегченного,11
деревообрабатывающий,11
приствольный,11
1400&#33,11
автотранспортный,11
воскресенье-,11
проведенный,11
ургентный,11
ненецкий,11
16:00,10
ландшафтный,10
неотразимый,10
окружный,10
оренбургский,10
супергеройский,10
7-ми,10
холодильный,10
ультрамодный,10
отменный,10
калининградский,10
импульсный,10
неалкогольный,10
2520,10
подручный,10
10:00,10
язвенный,10
корректный,10
рождественский,10
гипоаллергенное,10
подвластный,10
продолговатый,10
паллиативный,10
дальневосточный,10
xiv,10
одномесячный,10
бомбические,10
маточный,10
санкт,10
разнорабочие,10
полноправный,10
кунжутный,10
реабилитационный,10
времён,10
коммуникативный,10
мексиканский,10
операционный,10
инфракрасный,10
цилиндрический,10
club146763391|туристическая,10
маяковский,10
узнаваемый,10
кардиганом,10
14:00,10
саровский,10
гарантийный,10
радиоэлектронный,10
безжизненный,10
немаловажный,10
порционный,10
нахрен,10
травянистый,10
сетчатый,10
тaким,10
морозостойкий,10
теневой,10
гидролипидный,10
отлтчной,10
ферментированных,10
42.44.46.48,10
степлым,10
увложняетна,10
длянормальной,10
матирующий,10
броский,10
брюшной,10
посильный,10
всякую,10
балтийский,10
литой,10
пролонгированный,10
панировочный,10
б-2в-64,10
"40,42,44,46,48,50",10
1948,10
партийный,10
хорошенький,10
небезразличный,10
графит,10
двуспальный,10
тaкие,10
координационный,10
проектно,10
специфический,10
обоснованный,10
уходовой,10
банановый,10
мнимый,10
противоречивый,10
титулованные,10
сдобный,10
украинский,10
накладной,10
духов,10
2100,10
коровий,10
инъекционный,10
крепостной,10
пеший,10
одинарный,10
большевистский,10
субботний,10
club105794027|кондитерская,10
питерский,10
тугой,10
нарезанную,10
тоненький,10
контрактный,10
бесспиртовыми,10
неофициальный,10
долевой,10
оборонительный,10
непрестанный,10
2-ка,10
онкологический,10
общей,10
долей,10
безграмотный,10
водоотталкивающий,10
клёвый,10
отважный,10
фальшивый,10
еловый,10
мороженый,10
таковых,10
лояльный,10
литиевый,10
невосполнимый,10
требуемый,10
9139,10
1762,10
трёхфазную,10
неземной,10
беспокойный,10
янымовской,10
кружковой,10
ювановской,10
натянутый,10
прочая,10
хворостовский,10
милосердный,10
редукторный,10
пейзажный,10
оккультный,10
ледовый,10
заправский,10
1743,10
винской,10
обострённый,10
пулицеровской,10
тиранический,10
ландшафты,10
пригодный,10
нежирный,10
датский,10
20-й,10
рязанский,10
самозанятых,10
исламский,10
рафинированный,10
шобутинская,10
антикварный,10
увлажняющий,10
волнующий,10
канатный,10
хрустящие,10
карманный,10
психоэмоциональный,10
выносливый,10
утепленный,10
анаболический,10
ставридовых,10
критичный,10
среднекрупного,10
фрезеровкой,10
сантехнический,10
ввозный,10
равноценный,10
1915,10
послевоенный,10
10пар,10
нарезанного,10
юлой,10
антиоксидантным,10
винтовой,10
общественно,10
варенных,10
чреватый,10
петербургского,10
пуховый,10
16:30,10
тканый,10
3ехнитка,10
футер,10
суперсвободный,10
петельчатый,10
суперсвободная,10
экстремистский,10
89003320161,10
судный,10
15тыс,10
истёк,10
